timeStamp,elapsed,label,responseCode,responseMessage,threadName,dataType,success,failureMessage,bytes,sentBytes,grpThreads,allThreads,URL,Latency,IdleTime,Connect
1636029413606,20952,HTTP请求,200,,线程组 1-7,text,true,,29483,239,50,50,http://microservice-test.weiwenjia.com/recommend/api/v1/recommend,20951,0,38
1636029413605,35717,HTTP请求,200,,线程组 1-1,text,true,,29625,239,50,50,http://microservice-test.weiwenjia.com/recommend/api/v1/recommend,35707,0,39
1636029413605,38690,HTTP请求,200,,线程组 1-25,text,true,,29346,239,50,50,http://microservice-test.weiwenjia.com/recommend/api/v1/recommend,38677,0,39
1636029413606,41911,HTTP请求,200,,线程组 1-20,text,true,,29076,239,50,50,http://microservice-test.weiwenjia.com/recommend/api/v1/recommend,41900,0,38
1636029413606,43201,HTTP请求,200,,线程组 1-27,text,true,,29950,239,50,50,http://microservice-test.weiwenjia.com/recommend/api/v1/recommend,43187,0,39
1636029413605,43706,HTTP请求,200,,线程组 1-41,text,true,,29740,239,50,50,http://microservice-test.weiwenjia.com/recommend/api/v1/recommend,43694,0,39
1636029413605,44655,HTTP请求,200,,线程组 1-26,text,true,,29361,239,50,50,http://microservice-test.weiwenjia.com/recommend/api/v1/recommend,44644,0,39
1636029413605,48007,HTTP请求,200,,线程组 1-6,text,true,,28927,239,50,50,http://microservice-test.weiwenjia.com/recommend/api/v1/recommend,47990,0,39
1636029413604,48973,HTTP请求,200,,线程组 1-28,text,true,,28438,239,50,50,http://microservice-test.weiwenjia.com/recommend/api/v1/recommend,48962,0,40
1636029413604,50272,HTTP请求,200,,线程组 1-37,text,true,,29346,239,50,50,http://microservice-test.weiwenjia.com/recommend/api/v1/recommend,50261,0,40
1636029413605,51594,HTTP请求,200,,线程组 1-22,text,true,,29632,239,50,50,http://microservice-test.weiwenjia.com/recommend/api/v1/recommend,51578,0,39
1636029413605,52787,HTTP请求,200,,线程组 1-4,text,true,,29496,239,50,50,http://microservice-test.weiwenjia.com/recommend/api/v1/recommend,52775,0,39
1636029413606,53285,HTTP请求,200,,线程组 1-42,text,true,,29493,239,50,50,http://microservice-test.weiwenjia.com/recommend/api/v1/recommend,53274,0,38
1636029413604,56808,HTTP请求,200,,线程组 1-49,text,true,,29068,239,50,50,http://microservice-test.weiwenjia.com/recommend/api/v1/recommend,56797,0,40
1636029413604,57788,HTTP请求,200,,线程组 1-31,text,true,,29657,239,50,50,http://microservice-test.weiwenjia.com/recommend/api/v1/recommend,57778,0,40
1636029413604,57982,HTTP请求,200,,线程组 1-17,text,true,,29358,239,50,50,http://microservice-test.weiwenjia.com/recommend/api/v1/recommend,57970,0,40
1636029413604,59060,HTTP请求,200,,线程组 1-10,text,true,,29601,239,50,50,http://microservice-test.weiwenjia.com/recommend/api/v1/recommend,59050,0,40
1636029413606,60257,HTTP请求,200,,线程组 1-14,text,true,,29165,239,50,50,http://microservice-test.weiwenjia.com/recommend/api/v1/recommend,60244,0,38
1636029413605,60602,HTTP请求,200,,线程组 1-12,text,true,,29173,239,50,50,http://microservice-test.weiwenjia.com/recommend/api/v1/recommend,60589,0,39
1636029413604,61359,HTTP请求,200,,线程组 1-33,text,true,,29649,239,50,50,http://microservice-test.weiwenjia.com/recommend/api/v1/recommend,61347,0,40
1636029413605,63609,HTTP请求,200,,线程组 1-13,text,true,,29172,239,50,50,http://microservice-test.weiwenjia.com/recommend/api/v1/recommend,63596,0,39
1636029413605,67345,HTTP请求,200,,线程组 1-16,text,true,,29757,239,50,50,http://microservice-test.weiwenjia.com/recommend/api/v1/recommend,67333,0,39
1636029413604,70360,HTTP请求,200,,线程组 1-18,text,true,,29601,239,50,50,http://microservice-test.weiwenjia.com/recommend/api/v1/recommend,70346,0,41
1636029413605,72331,HTTP请求,200,,线程组 1-21,text,true,,27849,239,50,50,http://microservice-test.weiwenjia.com/recommend/api/v1/recommend,72319,0,39
1636029413605,72727,HTTP请求,200,,线程组 1-39,text,true,,29388,239,50,50,http://microservice-test.weiwenjia.com/recommend/api/v1/recommend,72717,0,39
1636029413606,73850,HTTP请求,200,,线程组 1-15,text,true,,29603,239,50,50,http://microservice-test.weiwenjia.com/recommend/api/v1/recommend,73838,0,38
1636029413605,76009,HTTP请求,200,,线程组 1-19,text,true,,29645,239,50,50,http://microservice-test.weiwenjia.com/recommend/api/v1/recommend,75997,0,39
1636029413605,77253,HTTP请求,200,,线程组 1-35,text,true,,29791,239,50,50,http://microservice-test.weiwenjia.com/recommend/api/v1/recommend,77244,0,39
1636029413605,77657,HTTP请求,200,,线程组 1-2,text,true,,29658,239,50,50,http://microservice-test.weiwenjia.com/recommend/api/v1/recommend,77643,0,39
1636029413605,78118,HTTP请求,200,,线程组 1-34,text,true,,29942,239,50,50,http://microservice-test.weiwenjia.com/recommend/api/v1/recommend,78106,0,39
1636029413605,78750,HTTP请求,200,,线程组 1-44,text,true,,29191,239,50,50,http://microservice-test.weiwenjia.com/recommend/api/v1/recommend,78736,0,39
1636029413606,79148,HTTP请求,200,,线程组 1-40,text,true,,29600,239,50,50,http://microservice-test.weiwenjia.com/recommend/api/v1/recommend,79137,0,38
1636029413605,79968,HTTP请求,200,,线程组 1-5,text,true,,29355,239,50,50,http://microservice-test.weiwenjia.com/recommend/api/v1/recommend,79956,0,39
1636029413604,80681,HTTP请求,200,,线程组 1-9,text,true,,29512,239,50,50,http://microservice-test.weiwenjia.com/recommend/api/v1/recommend,80668,0,40
1636029413606,82515,HTTP请求,200,,线程组 1-48,text,true,,29013,239,50,50,http://microservice-test.weiwenjia.com/recommend/api/v1/recommend,82504,0,38
1636029413605,85178,HTTP请求,200,,线程组 1-24,text,true,,29302,239,50,50,http://microservice-test.weiwenjia.com/recommend/api/v1/recommend,85169,0,39
1636029413604,86678,HTTP请求,200,,线程组 1-38,text,true,,29644,239,50,50,http://microservice-test.weiwenjia.com/recommend/api/v1/recommend,86666,0,40
1636029413605,87016,HTTP请求,200,,线程组 1-45,text,true,,29500,239,50,50,http://microservice-test.weiwenjia.com/recommend/api/v1/recommend,87004,0,39
1636029413606,87607,HTTP请求,200,,线程组 1-11,text,true,,28909,239,50,50,http://microservice-test.weiwenjia.com/recommend/api/v1/recommend,87593,0,38
1636029413605,87781,HTTP请求,200,,线程组 1-29,text,true,,28755,239,50,50,http://microservice-test.weiwenjia.com/recommend/api/v1/recommend,87770,0,39
1636029413605,89380,HTTP请求,200,,线程组 1-30,text,true,,29299,239,50,50,http://microservice-test.weiwenjia.com/recommend/api/v1/recommend,89372,0,39
1636029413606,90713,HTTP请求,200,,线程组 1-46,text,true,,28864,239,50,50,http://microservice-test.weiwenjia.com/recommend/api/v1/recommend,90701,0,38
1636029413605,91176,HTTP请求,200,,线程组 1-43,text,true,,28861,239,50,50,http://microservice-test.weiwenjia.com/recommend/api/v1/recommend,91163,0,39
1636029413606,91746,HTTP请求,200,,线程组 1-50,text,true,,28913,239,50,50,http://microservice-test.weiwenjia.com/recommend/api/v1/recommend,91735,0,38
1636029413605,94946,HTTP请求,200,,线程组 1-23,text,true,,29796,239,50,50,http://microservice-test.weiwenjia.com/recommend/api/v1/recommend,94935,0,39
1636029413604,94969,HTTP请求,200,,线程组 1-8,text,true,,29185,239,50,50,http://microservice-test.weiwenjia.com/recommend/api/v1/recommend,94955,0,41
1636029413604,95571,HTTP请求,200,,线程组 1-36,text,true,,29157,239,50,50,http://microservice-test.weiwenjia.com/recommend/api/v1/recommend,95560,0,40
1636029413605,95838,HTTP请求,200,,线程组 1-3,text,true,,28592,239,50,50,http://microservice-test.weiwenjia.com/recommend/api/v1/recommend,95827,0,39
1636029413606,95853,HTTP请求,200,,线程组 1-32,text,true,,29607,239,50,50,http://microservice-test.weiwenjia.com/recommend/api/v1/recommend,95840,0,38
1636029413604,96010,HTTP请求,200,,线程组 1-47,text,true,,29495,239,50,50,http://microservice-test.weiwenjia.com/recommend/api/v1/recommend,95997,0,40
1636029452301,60068,HTTP请求,200,,线程组 1-25,text,true,,561,239,50,50,http://microservice-test.weiwenjia.com/recommend/api/v1/recommend,60068,0,6
1636029434563,78267,HTTP请求,200,,线程组 1-7,text,true,,29508,239,50,50,http://microservice-test.weiwenjia.com/recommend/api/v1/recommend,78251,0,7
1636029449324,66185,HTTP请求,200,,线程组 1-1,text,true,,29348,239,50,50,http://microservice-test.weiwenjia.com/recommend/api/v1/recommend,66171,0,8
1636029455518,60072,HTTP请求,200,,线程组 1-20,text,true,,561,239,50,50,http://microservice-test.weiwenjia.com/recommend/api/v1/recommend,60072,0,5
1636029477215,42261,HTTP请求,200,,线程组 1-13,text,true,,29625,239,50,50,http://microservice-test.weiwenjia.com/recommend/api/v1/recommend,42250,0,6
1636029470413,49493,HTTP请求,200,,线程组 1-49,text,true,,28927,239,50,50,http://microservice-test.weiwenjia.com/recommend/api/v1/recommend,49480,0,8
1636029480952,39664,HTTP请求,200,,线程组 1-16,text,true,,28597,239,50,50,http://microservice-test.weiwenjia.com/recommend/api/v1/recommend,39654,0,11
1636029483965,37085,HTTP请求,200,,线程组 1-18,text,true,,29188,239,50,50,http://microservice-test.weiwenjia.com/recommend/api/v1/recommend,37074,0,5
1636029471393,52693,HTTP请求,200,,线程组 1-31,text,true,,29746,239,50,50,http://microservice-test.weiwenjia.com/recommend/api/v1/recommend,52680,0,8
1636029473864,50717,HTTP请求,200,,线程组 1-14,text,true,,29217,239,50,50,http://microservice-test.weiwenjia.com/recommend/api/v1/recommend,50707,0,6
1636029461613,63324,HTTP请求,200,,线程组 1-6,text,true,,29348,239,50,50,http://microservice-test.weiwenjia.com/recommend/api/v1/recommend,63315,0,9
1636029465200,60327,HTTP请求,200,,线程组 1-22,text,true,,28572,239,50,50,http://microservice-test.weiwenjia.com/recommend/api/v1/recommend,60318,0,5
1636029471587,56685,HTTP请求,200,,线程组 1-17,text,true,,29430,239,50,50,http://microservice-test.weiwenjia.com/recommend/api/v1/recommend,56674,0,6
1636029458261,70581,HTTP请求,200,,线程组 1-26,text,true,,28763,239,50,50,http://microservice-test.weiwenjia.com/recommend/api/v1/recommend,70571,0,5
1636029466393,63559,HTTP请求,200,,线程组 1-4,text,true,,29221,239,50,50,http://microservice-test.weiwenjia.com/recommend/api/v1/recommend,63547,0,7
1636029463877,66471,HTTP请求,200,,线程组 1-37,text,true,,29452,239,50,50,http://microservice-test.weiwenjia.com/recommend/api/v1/recommend,66461,0,5
1636029466892,63471,HTTP请求,200,,线程组 1-42,text,true,,29889,239,50,50,http://microservice-test.weiwenjia.com/recommend/api/v1/recommend,63458,0,8
1636029457312,73536,HTTP请求,200,,线程组 1-41,text,true,,29503,239,50,50,http://microservice-test.weiwenjia.com/recommend/api/v1/recommend,73527,0,7
1636029456808,74477,HTTP请求,200,,线程组 1-27,text,true,,28920,239,50,50,http://microservice-test.weiwenjia.com/recommend/api/v1/recommend,74466,0,7
1636029474964,58799,HTTP请求,200,,线程组 1-33,text,true,,28309,239,50,50,http://microservice-test.weiwenjia.com/recommend/api/v1/recommend,58788,0,6
1636029472665,61333,HTTP请求,200,,线程组 1-10,text,true,,29363,239,50,50,http://microservice-test.weiwenjia.com/recommend/api/v1/recommend,61322,0,6
1636029462578,71964,HTTP请求,200,,线程组 1-28,text,true,,29735,239,50,50,http://microservice-test.weiwenjia.com/recommend/api/v1/recommend,71955,0,5
1636029474208,62328,HTTP请求,200,,线程组 1-12,text,true,,29356,239,50,50,http://microservice-test.weiwenjia.com/recommend/api/v1/recommend,62311,0,6
1636029500282,37623,HTTP请求,200,,线程组 1-38,text,true,,28487,239,50,50,http://microservice-test.weiwenjia.com/recommend/api/v1/recommend,37612,0,6
1636029489616,49738,HTTP请求,200,,线程组 1-19,text,true,,28917,239,50,50,http://microservice-test.weiwenjia.com/recommend/api/v1/recommend,49731,0,5
1636029485937,54798,HTTP请求,200,,线程组 1-21,text,true,,29758,239,50,50,http://microservice-test.weiwenjia.com/recommend/api/v1/recommend,54787,0,5
1636029504782,38727,HTTP请求,200,,线程组 1-43,text,true,,29463,239,50,50,http://microservice-test.weiwenjia.com/recommend/api/v1/recommend,38718,0,6
1636029491263,53684,HTTP请求,200,,线程组 1-2,text,true,,29653,239,50,50,http://microservice-test.weiwenjia.com/recommend/api/v1/recommend,53672,0,7
1636029500621,44764,HTTP请求,200,,线程组 1-45,text,true,,29652,239,50,50,http://microservice-test.weiwenjia.com/recommend/api/v1/recommend,44753,0,7
1636029491724,54266,HTTP请求,200,,线程组 1-34,text,true,,29952,239,50,50,http://microservice-test.weiwenjia.com/recommend/api/v1/recommend,54254,0,7
1636029492756,53470,HTTP请求,200,,线程组 1-40,text,true,,29157,239,50,50,http://microservice-test.weiwenjia.com/recommend/api/v1/recommend,53458,0,6
1636029492356,54427,HTTP请求,200,,线程组 1-44,text,true,,29780,239,50,50,http://microservice-test.weiwenjia.com/recommend/api/v1/recommend,54418,0,7
1636029493574,53471,HTTP请求,200,,线程组 1-5,text,true,,28438,239,50,50,http://microservice-test.weiwenjia.com/recommend/api/v1/recommend,53459,0,7
1636029505353,42257,HTTP请求,200,,线程组 1-50,text,true,,29808,239,50,50,http://microservice-test.weiwenjia.com/recommend/api/v1/recommend,42246,0,6
1636029509176,38817,HTTP请求,200,,线程组 1-36,text,true,,29625,239,50,50,http://microservice-test.weiwenjia.com/recommend/api/v1/recommend,38806,0,7
1636029486333,62416,HTTP请求,200,,线程组 1-39,text,true,,29352,239,50,50,http://microservice-test.weiwenjia.com/recommend/api/v1/recommend,62406,0,5
1636029487457,62301,HTTP请求,200,,线程组 1-15,text,true,,29608,239,50,50,http://microservice-test.weiwenjia.com/recommend/api/v1/recommend,62292,0,5
1636029509460,40710,HTTP请求,200,,线程组 1-32,text,true,,29061,239,50,50,http://microservice-test.weiwenjia.com/recommend/api/v1/recommend,40699,0,6
1636029512831,37684,HTTP请求,200,,线程组 1-7,text,true,,29789,239,50,50,http://microservice-test.weiwenjia.com/recommend/api/v1/recommend,37673,0,7
1636029494285,56751,HTTP请求,200,,线程组 1-9,text,true,,29927,239,50,50,http://microservice-test.weiwenjia.com/recommend/api/v1/recommend,56739,0,7
1636029504320,47993,HTTP请求,200,,线程组 1-46,text,true,,29494,239,50,50,http://microservice-test.weiwenjia.com/recommend/api/v1/recommend,47983,0,7
1636029502986,53851,HTTP请求,200,,线程组 1-30,text,true,,29660,239,50,50,http://microservice-test.weiwenjia.com/recommend/api/v1/recommend,53842,0,5
1636029512373,45369,HTTP请求,200,,线程组 1-25,text,true,,29811,239,50,50,http://microservice-test.weiwenjia.com/recommend/api/v1/recommend,45357,0,7
1636029496121,62892,HTTP请求,200,,线程组 1-48,text,true,,28905,239,50,50,http://microservice-test.weiwenjia.com/recommend/api/v1/recommend,62881,0,7
1636029508551,50926,HTTP请求,200,,线程组 1-23,text,true,,29898,239,50,50,http://microservice-test.weiwenjia.com/recommend/api/v1/recommend,50914,0,8
1636029509444,50362,HTTP请求,200,,线程组 1-3,text,true,,29321,239,50,50,http://microservice-test.weiwenjia.com/recommend/api/v1/recommend,50350,0,6
1636029498784,61546,HTTP请求,200,,线程组 1-24,text,true,,29446,239,50,50,http://microservice-test.weiwenjia.com/recommend/api/v1/recommend,61534,0,6
1636029501214,59286,HTTP请求,200,,线程组 1-11,text,true,,28604,239,50,50,http://microservice-test.weiwenjia.com/recommend/api/v1/recommend,59274,0,6
1636029508574,52311,HTTP请求,200,,线程组 1-8,text,true,,28755,239,50,50,http://microservice-test.weiwenjia.com/recommend/api/v1/recommend,52299,0,6
1636029490860,70518,HTTP请求,200,,线程组 1-35,text,true,,29062,239,50,50,http://microservice-test.weiwenjia.com/recommend/api/v1/recommend,70505,0,6
1636029501386,61692,HTTP请求,200,,线程组 1-29,text,true,,29196,239,50,50,http://microservice-test.weiwenjia.com/recommend/api/v1/recommend,61681,0,6
1636029509615,54611,HTTP请求,200,,线程组 1-47,text,true,,29358,239,50,50,http://microservice-test.weiwenjia.com/recommend/api/v1/recommend,54599,0,7
1636029515510,50387,HTTP请求,200,,线程组 1-1,text,true,,29056,239,50,50,http://microservice-test.weiwenjia.com/recommend/api/v1/recommend,50376,0,6
1636029515591,52755,HTTP请求,200,,线程组 1-20,text,true,,29305,239,50,50,http://microservice-test.weiwenjia.com/recommend/api/v1/recommend,52742,0,7
1636029530849,38097,HTTP请求,200,,线程组 1-41,text,true,,28898,239,50,50,http://microservice-test.weiwenjia.com/recommend/api/v1/recommend,38085,0,6
1636029528843,43267,HTTP请求,200,,线程组 1-26,text,true,,29468,239,50,50,http://microservice-test.weiwenjia.com/recommend/api/v1/recommend,43255,0,6
1636029524087,50551,HTTP请求,200,,线程组 1-31,text,true,,29013,239,50,50,http://microservice-test.weiwenjia.com/recommend/api/v1/recommend,50542,0,5
1636029519906,55003,HTTP请求,200,,线程组 1-49,text,true,,29048,239,50,50,http://microservice-test.weiwenjia.com/recommend/api/v1/recommend,54994,0,5
1636029520616,55409,HTTP请求,200,,线程组 1-16,text,true,,29672,239,50,50,http://microservice-test.weiwenjia.com/recommend/api/v1/recommend,55401,0,5
1636029533999,45798,HTTP请求,200,,线程组 1-10,text,true,,29775,239,50,50,http://microservice-test.weiwenjia.com/recommend/api/v1/recommend,45786,0,13
1636029524938,58163,HTTP请求,200,,线程组 1-6,text,true,,29504,239,50,50,http://microservice-test.weiwenjia.com/recommend/api/v1/recommend,58151,0,8
1636029534543,49485,HTTP请求,200,,线程组 1-28,text,true,,29320,239,50,50,http://microservice-test.weiwenjia.com/recommend/api/v1/recommend,49475,0,6
1636029533764,50665,HTTP请求,200,,线程组 1-33,text,true,,29489,239,50,50,http://microservice-test.weiwenjia.com/recommend/api/v1/recommend,50652,0,7
1636029531286,53627,HTTP请求,200,,线程组 1-27,text,true,,27875,239,50,50,http://microservice-test.weiwenjia.com/recommend/api/v1/recommend,53616,0,6
1636029528273,57267,HTTP请求,200,,线程组 1-17,text,true,,29172,239,50,50,http://microservice-test.weiwenjia.com/recommend/api/v1/recommend,57254,0,8
1636029530349,55671,HTTP请求,200,,线程组 1-37,text,true,,28314,239,50,50,http://microservice-test.weiwenjia.com/recommend/api/v1/recommend,55659,0,8
1636029519477,67630,HTTP请求,200,,线程组 1-13,text,true,,29451,239,50,50,http://microservice-test.weiwenjia.com/recommend/api/v1/recommend,67620,0,7
1636029530364,57365,HTTP请求,200,,线程组 1-42,text,true,,29357,239,50,50,http://microservice-test.weiwenjia.com/recommend/api/v1/recommend,57353,0,6
1636029529953,58020,HTTP请求,200,,线程组 1-4,text,true,,29451,239,50,50,http://microservice-test.weiwenjia.com/recommend/api/v1/recommend,58009,0,6
1636029521050,67913,HTTP请求,200,,线程组 1-18,text,true,,29751,239,50,50,http://microservice-test.weiwenjia.com/recommend/api/v1/recommend,67903,0,5
1636029524582,64699,HTTP请求,200,,线程组 1-14,text,true,,28768,239,50,50,http://microservice-test.weiwenjia.com/recommend/api/v1/recommend,64686,0,7
1636029525528,64054,HTTP请求,200,,线程组 1-22,text,true,,29794,239,50,50,http://microservice-test.weiwenjia.com/recommend/api/v1/recommend,64042,0,6
1636029537906,53201,HTTP请求,200,,线程组 1-38,text,true,,29630,239,50,50,http://microservice-test.weiwenjia.com/recommend/api/v1/recommend,53193,0,6
1636029547612,50701,HTTP请求,200,,线程组 1-50,text,true,,28706,239,50,50,http://microservice-test.weiwenjia.com/recommend/api/v1/recommend,50693,0,6
1636029560885,39651,HTTP请求,200,,线程组 1-8,text,true,,29211,239,50,50,http://microservice-test.weiwenjia.com/recommend/api/v1/recommend,39638,0,8
1636029560331,41339,HTTP请求,200,,线程组 1-24,text,true,,29042,239,50,50,http://microservice-test.weiwenjia.com/recommend/api/v1/recommend,41325,0,6
1636029563079,38732,HTTP请求,200,,线程组 1-29,text,true,,29610,239,50,50,http://microservice-test.weiwenjia.com/recommend/api/v1/recommend,38719,0,4
1636029550516,51627,HTTP请求,200,,线程组 1-7,text,true,,29357,239,50,50,http://microservice-test.weiwenjia.com/recommend/api/v1/recommend,51615,0,8
1636029560501,42145,HTTP请求,200,,线程组 1-11,text,true,,28998,239,50,50,http://microservice-test.weiwenjia.com/recommend/api/v1/recommend,42134,0,5
1636029539354,64466,HTTP请求,200,,线程组 1-19,text,true,,28912,239,50,50,http://microservice-test.weiwenjia.com/recommend/api/v1/recommend,64453,0,9
1636029559807,44354,HTTP请求,200,,线程组 1-3,text,true,,27875,239,50,50,http://microservice-test.weiwenjia.com/recommend/api/v1/recommend,44341,0,8
1636029546227,58241,HTTP请求,200,,线程组 1-40,text,true,,29497,239,50,50,http://microservice-test.weiwenjia.com/recommend/api/v1/recommend,58228,0,8
1636029547046,57823,HTTP请求,200,,线程组 1-5,text,true,,29667,239,50,50,http://microservice-test.weiwenjia.com/recommend/api/v1/recommend,57812,0,7
1636029556838,48613,HTTP请求,200,,线程组 1-30,text,true,,28463,239,50,50,http://microservice-test.weiwenjia.com/recommend/api/v1/recommend,48603,0,6
1636029550171,55463,HTTP请求,200,,线程组 1-32,text,true,,29651,239,50,50,http://microservice-test.weiwenjia.com/recommend/api/v1/recommend,55451,0,7
1636029551036,55093,HTTP请求,200,,线程组 1-9,text,true,,29443,239,50,50,http://microservice-test.weiwenjia.com/recommend/api/v1/recommend,55079,0,9
1636029545991,61726,HTTP请求,200,,线程组 1-34,text,true,,29651,239,50,50,http://microservice-test.weiwenjia.com/recommend/api/v1/recommend,61716,0,7
1636029561377,46641,HTTP请求,200,,线程组 1-35,text,true,,29446,239,50,50,http://microservice-test.weiwenjia.com/recommend/api/v1/recommend,46630,0,6
1636029559478,50323,HTTP请求,200,,线程组 1-23,text,true,,29603,239,50,50,http://microservice-test.weiwenjia.com/recommend/api/v1/recommend,50313,0,5
1636029540737,69359,HTTP请求,200,,线程组 1-21,text,true,,29786,239,50,50,http://microservice-test.weiwenjia.com/recommend/api/v1/recommend,69346,0,8
1636029552314,60462,HTTP请求,200,,线程组 1-46,text,true,,29939,239,50,50,http://microservice-test.weiwenjia.com/recommend/api/v1/recommend,60451,0,7
1636029559013,54588,HTTP请求,200,,线程组 1-48,text,true,,28432,239,50,50,http://microservice-test.weiwenjia.com/recommend/api/v1/recommend,54575,0,8
1636029544948,69509,HTTP请求,200,,线程组 1-2,text,true,,29058,239,50,50,http://microservice-test.weiwenjia.com/recommend/api/v1/recommend,69496,0,8
1636029536537,78239,HTTP请求,200,,线程组 1-12,text,true,,28756,239,50,50,http://microservice-test.weiwenjia.com/recommend/api/v1/recommend,78229,0,5
1636029547995,68056,HTTP请求,200,,线程组 1-36,text,true,,28772,239,50,50,http://microservice-test.weiwenjia.com/recommend/api/v1/recommend,68045,0,8
1636029545387,72497,HTTP请求,200,,线程组 1-45,text,true,,29750,239,50,50,http://microservice-test.weiwenjia.com/recommend/api/v1/recommend,72484,0,8
1636029546784,71856,HTTP请求,200,,线程组 1-44,text,true,,26835,239,50,50,http://microservice-test.weiwenjia.com/recommend/api/v1/recommend,71843,0,8
1636029549759,70160,HTTP请求,200,,线程组 1-15,text,true,,29269,239,50,50,http://microservice-test.weiwenjia.com/recommend/api/v1/recommend,70149,0,5
1636029548750,71336,HTTP请求,200,,线程组 1-39,text,true,,29204,239,50,50,http://microservice-test.weiwenjia.com/recommend/api/v1/recommend,71325,0,7
1636029557743,62862,HTTP请求,200,,线程组 1-25,text,true,,29893,239,50,50,http://microservice-test.weiwenjia.com/recommend/api/v1/recommend,62851,0,7
1636029543510,77498,HTTP请求,200,,线程组 1-43,text,true,,29345,239,50,50,http://microservice-test.weiwenjia.com/recommend/api/v1/recommend,77487,0,8
1636029579797,41729,HTTP请求,200,,线程组 1-10,text,true,,28706,239,50,50,http://microservice-test.weiwenjia.com/recommend/api/v1/recommend,41722,0,6
1636029572113,49788,HTTP请求,200,,线程组 1-26,text,true,,29446,239,50,50,http://microservice-test.weiwenjia.com/recommend/api/v1/recommend,49775,0,8
1636029587108,35100,HTTP请求,200,,线程组 1-13,text,true,,28698,239,50,50,http://microservice-test.weiwenjia.com/recommend/api/v1/recommend,35089,0,6
1636029574909,48185,HTTP请求,200,,线程组 1-49,text,true,,29616,239,50,50,http://microservice-test.weiwenjia.com/recommend/api/v1/recommend,48176,0,5
1636029588965,36125,HTTP请求,200,,线程组 1-18,text,true,,29649,239,50,50,http://microservice-test.weiwenjia.com/recommend/api/v1/recommend,36112,0,8
1636029564227,63975,HTTP请求,200,,线程组 1-47,text,true,,29646,239,50,50,http://microservice-test.weiwenjia.com/recommend/api/v1/recommend,63966,0,5
1636029589283,41056,HTTP请求,200,,线程组 1-14,text,true,,29763,239,50,50,http://microservice-test.weiwenjia.com/recommend/api/v1/recommend,41042,0,7
1636029589583,41313,HTTP请求,200,,线程组 1-22,text,true,,29365,239,50,50,http://microservice-test.weiwenjia.com/recommend/api/v1/recommend,41300,0,8
1636029568947,62507,HTTP请求,200,,线程组 1-41,text,true,,28743,239,50,50,http://microservice-test.weiwenjia.com/recommend/api/v1/recommend,62493,0,6
1636029587974,46107,HTTP请求,200,,线程组 1-4,text,true,,29487,239,50,50,http://microservice-test.weiwenjia.com/recommend/api/v1/recommend,46094,0,6
1636029584029,50935,HTTP请求,200,,线程组 1-28,text,true,,29063,239,50,50,http://microservice-test.weiwenjia.com/recommend/api/v1/recommend,50923,0,6
1636029585541,49604,HTTP请求,200,,线程组 1-17,text,true,,29658,239,50,50,http://microservice-test.weiwenjia.com/recommend/api/v1/recommend,49592,0,8
1636029576026,59647,HTTP请求,200,,线程组 1-16,text,true,,29478,239,50,50,http://microservice-test.weiwenjia.com/recommend/api/v1/recommend,59637,0,6
1636029584914,52439,HTTP请求,200,,线程组 1-27,text,true,,28317,239,50,50,http://microservice-test.weiwenjia.com/recommend/api/v1/recommend,52428,0,6
1636029574638,63116,HTTP请求,200,,线程组 1-31,text,true,,27849,239,50,50,http://microservice-test.weiwenjia.com/recommend/api/v1/recommend,63102,0,9
1636029565899,72699,HTTP请求,200,,线程组 1-1,text,true,,29301,239,50,50,http://microservice-test.weiwenjia.com/recommend/api/v1/recommend,72687,0,5
1636029583102,55904,HTTP请求,200,,线程组 1-6,text,true,,29157,239,50,50,http://microservice-test.weiwenjia.com/recommend/api/v1/recommend,55894,0,4
1636029587729,51835,HTTP请求,200,,线程组 1-42,text,true,,29655,239,50,50,http://microservice-test.weiwenjia.com/recommend/api/v1/recommend,51824,0,7
1636029584430,55922,HTTP请求,200,,线程组 1-33,text,true,,29155,239,50,50,http://microservice-test.weiwenjia.com/recommend/api/v1/recommend,55911,0,12
1636029568348,75106,HTTP请求,200,,线程组 1-20,text,true,,29500,239,50,50,http://microservice-test.weiwenjia.com/recommend/api/v1/recommend,75092,0,7
1636029591109,54708,HTTP请求,200,,线程组 1-38,text,true,,29172,239,50,50,http://microservice-test.weiwenjia.com/recommend/api/v1/recommend,54695,0,9
1636029586020,61182,HTTP请求,200,,线程组 1-37,text,true,,28320,239,50,50,http://microservice-test.weiwenjia.com/recommend/api/v1/recommend,61171,0,7
1636029598313,49455,HTTP请求,200,,线程组 1-50,text,true,,29630,239,50,50,http://microservice-test.weiwenjia.com/recommend/api/v1/recommend,49445,0,6
1636029600540,47799,HTTP请求,200,,线程组 1-8,text,true,,29460,239,50,50,http://microservice-test.weiwenjia.com/recommend/api/v1/recommend,47790,0,6
1636029613602,36250,HTTP请求,200,,线程组 1-48,text,true,,29217,239,50,50,http://microservice-test.weiwenjia.com/recommend/api/v1/recommend,36240,0,5
1636029605452,44907,HTTP请求,200,,线程组 1-30,text,true,,29636,239,50,50,http://microservice-test.weiwenjia.com/recommend/api/v1/recommend,44895,0,7
1636029606130,44374,HTTP请求,200,,线程组 1-9,text,true,,29167,239,50,50,http://microservice-test.weiwenjia.com/recommend/api/v1/recommend,44360,0,8
1636029612777,38119,HTTP请求,200,,线程组 1-46,text,true,,29486,239,50,50,http://microservice-test.weiwenjia.com/recommend/api/v1/recommend,38110,0,6
1636029618640,34288,HTTP请求,200,,线程组 1-44,text,true,,29497,239,50,50,http://microservice-test.weiwenjia.com/recommend/api/v1/recommend,34279,0,5
1636029614777,39213,HTTP请求,200,,线程组 1-12,text,true,,29205,239,50,50,http://microservice-test.weiwenjia.com/recommend/api/v1/recommend,39204,0,8
1636029610097,45407,HTTP请求,200,,线程组 1-21,text,true,,28905,239,50,50,http://microservice-test.weiwenjia.com/recommend/api/v1/recommend,45395,0,7
1636029620086,38463,HTTP请求,200,,线程组 1-39,text,true,,29776,239,50,50,http://microservice-test.weiwenjia.com/recommend/api/v1/recommend,38451,0,7
1636029605635,53945,HTTP请求,200,,线程组 1-32,text,true,,29157,239,50,50,http://microservice-test.weiwenjia.com/recommend/api/v1/recommend,53932,0,6
1636029617884,41942,HTTP请求,200,,线程组 1-45,text,true,,29191,239,50,50,http://microservice-test.weiwenjia.com/recommend/api/v1/recommend,41931,0,6
1636029607717,53239,HTTP请求,200,,线程组 1-34,text,true,,28706,239,50,50,http://microservice-test.weiwenjia.com/recommend/api/v1/recommend,53229,0,7
1636029609802,52202,HTTP请求,200,,线程组 1-23,text,true,,29613,239,50,50,http://microservice-test.weiwenjia.com/recommend/api/v1/recommend,52181,0,9
1636029619920,42736,HTTP请求,200,,线程组 1-15,text,true,,29012,239,50,50,http://microservice-test.weiwenjia.com/recommend/api/v1/recommend,42727,0,6
1636029602647,60589,HTTP请求,200,,线程组 1-11,text,true,,29443,239,50,50,http://microservice-test.weiwenjia.com/recommend/api/v1/recommend,60575,0,9
1636029616051,48113,HTTP请求,200,,线程组 1-36,text,true,,29360,239,50,50,http://microservice-test.weiwenjia.com/recommend/api/v1/recommend,48102,0,7
1636029602145,62930,HTTP请求,200,,线程组 1-7,text,true,,29345,239,50,50,http://microservice-test.weiwenjia.com/recommend/api/v1/recommend,62916,0,7
1636029608019,57334,HTTP请求,200,,线程组 1-35,text,true,,29211,239,50,50,http://microservice-test.weiwenjia.com/recommend/api/v1/recommend,57323,0,7
1636029604468,61379,HTTP请求,200,,线程组 1-40,text,true,,29438,239,50,50,http://microservice-test.weiwenjia.com/recommend/api/v1/recommend,61367,0,12
1636029604869,61496,HTTP请求,200,,线程组 1-5,text,true,,29929,239,50,50,http://microservice-test.weiwenjia.com/recommend/api/v1/recommend,61485,0,7
1636029601812,67377,HTTP请求,200,,线程组 1-29,text,true,,29610,239,50,50,http://microservice-test.weiwenjia.com/recommend/api/v1/recommend,67368,0,5
1636029603821,65867,HTTP请求,200,,线程组 1-19,text,true,,29356,239,50,50,http://microservice-test.weiwenjia.com/recommend/api/v1/recommend,65853,0,7
1636029601670,68494,HTTP请求,200,,线程组 1-24,text,true,,29807,239,50,50,http://microservice-test.weiwenjia.com/recommend/api/v1/recommend,68485,0,7
1636029604162,66796,HTTP请求,200,,线程组 1-3,text,true,,29720,239,50,50,http://microservice-test.weiwenjia.com/recommend/api/v1/recommend,66783,0,8
1636029614457,57187,HTTP请求,200,,线程组 1-2,text,true,,27542,239,50,50,http://microservice-test.weiwenjia.com/recommend/api/v1/recommend,57176,0,7
1636029621527,50669,HTTP请求,200,,线程组 1-10,text,true,,29800,239,50,50,http://microservice-test.weiwenjia.com/recommend/api/v1/recommend,50657,0,8
1636029639565,38140,HTTP请求,200,,线程组 1-42,text,true,,27849,239,50,50,http://microservice-test.weiwenjia.com/recommend/api/v1/recommend,38127,0,7
1636029621902,57327,HTTP请求,200,,线程组 1-26,text,true,,29172,239,50,50,http://microservice-test.weiwenjia.com/recommend/api/v1/recommend,57304,0,7
1636029639007,41035,HTTP请求,200,,线程组 1-6,text,true,,29217,239,50,50,http://microservice-test.weiwenjia.com/recommend/api/v1/recommend,41022,0,6
1636029622209,58080,HTTP请求,200,,线程组 1-13,text,true,,27875,239,50,50,http://microservice-test.weiwenjia.com/recommend/api/v1/recommend,58067,0,9
1636029625090,55690,HTTP请求,200,,线程组 1-18,text,true,,29342,239,50,50,http://microservice-test.weiwenjia.com/recommend/api/v1/recommend,55683,0,6
1636029634965,46448,HTTP请求,200,,线程组 1-28,text,true,,29191,239,50,50,http://microservice-test.weiwenjia.com/recommend/api/v1/recommend,46439,0,5
1636029630373,51544,HTTP请求,200,,线程组 1-14,text,true,,29061,239,50,50,http://microservice-test.weiwenjia.com/recommend/api/v1/recommend,51532,0,8
1636029630897,51368,HTTP请求,200,,线程组 1-22,text,true,,29661,239,50,50,http://microservice-test.weiwenjia.com/recommend/api/v1/recommend,51360,0,6
1636029623095,59646,HTTP请求,200,,线程组 1-49,text,true,,29791,239,50,50,http://microservice-test.weiwenjia.com/recommend/api/v1/recommend,59635,0,6
1636029634082,49057,HTTP请求,200,,线程组 1-4,text,true,,29661,239,50,50,http://microservice-test.weiwenjia.com/recommend/api/v1/recommend,49050,0,5
1636029635146,48521,HTTP请求,200,,线程组 1-17,text,true,,29205,239,50,50,http://microservice-test.weiwenjia.com/recommend/api/v1/recommend,48511,0,5
1636029621008,63121,HTTP请求,200,,线程组 1-43,text,true,,29520,239,50,50,http://microservice-test.weiwenjia.com/recommend/api/v1/recommend,63112,0,6
1636029635674,49544,HTTP请求,200,,线程组 1-16,text,true,,29914,239,50,50,http://microservice-test.weiwenjia.com/recommend/api/v1/recommend,49534,0,5
1636029637754,50102,HTTP请求,200,,线程组 1-31,text,true,,29372,239,50,50,http://microservice-test.weiwenjia.com/recommend/api/v1/recommend,50093,0,7
1636029631456,59798,HTTP请求,200,,线程组 1-41,text,true,,29640,239,50,50,http://microservice-test.weiwenjia.com/recommend/api/v1/recommend,59787,0,7
1636029638598,53492,HTTP请求,200,,线程组 1-1,text,true,,29582,239,50,50,http://microservice-test.weiwenjia.com/recommend/api/v1/recommend,53477,0,8
1636029640352,52640,HTTP请求,200,,线程组 1-33,text,true,,29615,239,50,50,http://microservice-test.weiwenjia.com/recommend/api/v1/recommend,52628,0,8
1636029628202,65595,HTTP请求,200,,线程组 1-47,text,true,,28702,239,50,50,http://microservice-test.weiwenjia.com/recommend/api/v1/recommend,65584,0,6
1636029645816,49128,HTTP请求,200,,线程组 1-38,text,true,,29463,239,50,50,http://microservice-test.weiwenjia.com/recommend/api/v1/recommend,49119,0,6
1636029637354,57986,HTTP请求,200,,线程组 1-27,text,true,,29160,239,50,50,http://microservice-test.weiwenjia.com/recommend/api/v1/recommend,57974,0,5
1636029620606,74788,HTTP请求,200,,线程组 1-25,text,true,,28898,239,50,50,http://microservice-test.weiwenjia.com/recommend/api/v1/recommend,74776,0,7
1636029643454,52350,HTTP请求,200,,线程组 1-20,text,true,,29075,239,50,50,http://microservice-test.weiwenjia.com/recommend/api/v1/recommend,52339,0,6
1636029650504,48473,HTTP请求,200,,线程组 1-9,text,true,,29776,239,50,50,http://microservice-test.weiwenjia.com/recommend/api/v1/recommend,48465,0,6
1636029664165,38361,HTTP请求,200,,线程组 1-36,text,true,,29062,239,50,50,http://microservice-test.weiwenjia.com/recommend/api/v1/recommend,38350,0,5
1636029665353,40995,HTTP请求,200,,线程组 1-35,text,true,,29598,239,50,50,http://microservice-test.weiwenjia.com/recommend/api/v1/recommend,40986,0,5
1636029652929,56454,HTTP请求,200,,线程组 1-44,text,true,,29325,239,50,50,http://microservice-test.weiwenjia.com/recommend/api/v1/recommend,56441,0,8
1636029670165,40200,HTTP请求,200,,线程组 1-24,text,true,,28279,239,50,50,http://microservice-test.weiwenjia.com/recommend/api/v1/recommend,40187,0,7
1636029650896,59556,HTTP请求,200,,线程组 1-46,text,true,,28706,239,50,50,http://microservice-test.weiwenjia.com/recommend/api/v1/recommend,59544,0,8
1636029647202,65822,HTTP请求,200,,线程组 1-37,text,true,,29056,239,50,50,http://microservice-test.weiwenjia.com/recommend/api/v1/recommend,65810,0,8
1636029672196,43862,HTTP请求,200,,线程组 1-10,text,true,,29056,239,50,50,http://microservice-test.weiwenjia.com/recommend/api/v1/recommend,43850,0,6
1636029670959,46917,HTTP请求,200,,线程组 1-3,text,true,,29757,239,50,50,http://microservice-test.weiwenjia.com/recommend/api/v1/recommend,46903,0,7
1636029666365,53285,HTTP请求,200,,线程组 1-5,text,true,,28915,239,50,50,http://microservice-test.weiwenjia.com/recommend/api/v1/recommend,53273,0,7
1636029663238,56754,HTTP请求,200,,线程组 1-11,text,true,,29348,239,50,50,http://microservice-test.weiwenjia.com/recommend/api/v1/recommend,56742,0,7
1636029650359,70849,HTTP请求,200,,线程组 1-30,text,true,,29280,239,50,50,http://microservice-test.weiwenjia.com/recommend/api/v1/recommend,70839,0,6
1636029659827,61856,HTTP请求,200,,线程组 1-45,text,true,,29499,239,50,50,http://microservice-test.weiwenjia.com/recommend/api/v1/recommend,61845,0,8
1636029662006,60746,HTTP请求,200,,线程组 1-23,text,true,,29197,239,50,50,http://microservice-test.weiwenjia.com/recommend/api/v1/recommend,60732,0,7
1636029660964,62109,HTTP请求,200,,线程组 1-34,text,true,,29353,239,50,50,http://microservice-test.weiwenjia.com/recommend/api/v1/recommend,62098,0,7
1636029648340,75476,HTTP请求,200,,线程组 1-8,text,true,,28912,239,50,50,http://microservice-test.weiwenjia.com/recommend/api/v1/recommend,75467,0,5
1636029669190,55259,HTTP请求,200,,线程组 1-29,text,true,,29352,239,50,50,http://microservice-test.weiwenjia.com/recommend/api/v1/recommend,55251,0,5
1636029649852,75319,HTTP请求,200,,线程组 1-48,text,true,,29611,239,50,50,http://microservice-test.weiwenjia.com/recommend/api/v1/recommend,75307,0,8
1636029662657,62842,HTTP请求,200,,线程组 1-15,text,true,,29017,239,50,50,http://microservice-test.weiwenjia.com/recommend/api/v1/recommend,62828,0,8
1636029655504,70480,HTTP请求,200,,线程组 1-21,text,true,,29494,239,50,50,http://microservice-test.weiwenjia.com/recommend/api/v1/recommend,70468,0,6
1636029665075,61073,HTTP请求,200,,线程组 1-7,text,true,,28927,239,50,50,http://microservice-test.weiwenjia.com/recommend/api/v1/recommend,61059,0,8
1636029665848,60736,HTTP请求,200,,线程组 1-40,text,true,,28572,239,50,50,http://microservice-test.weiwenjia.com/recommend/api/v1/recommend,60723,0,6
1636029647768,79168,HTTP请求,200,,线程组 1-50,text,true,,28597,239,50,50,http://microservice-test.weiwenjia.com/recommend/api/v1/recommend,79157,0,7
1636029671645,55811,HTTP请求,200,,线程组 1-2,text,true,,29463,239,50,50,http://microservice-test.weiwenjia.com/recommend/api/v1/recommend,55799,0,6
1636029658549,69252,HTTP请求,200,,线程组 1-39,text,true,,29361,239,50,50,http://microservice-test.weiwenjia.com/recommend/api/v1/recommend,69240,0,8
1636029653990,74514,HTTP请求,200,,线程组 1-12,text,true,,29013,239,50,50,http://microservice-test.weiwenjia.com/recommend/api/v1/recommend,74502,0,9
1636029659581,69624,HTTP请求,200,,线程组 1-32,text,true,,29801,239,50,50,http://microservice-test.weiwenjia.com/recommend/api/v1/recommend,69611,0,7
1636029679231,50137,HTTP请求,200,,线程组 1-26,text,true,,28706,239,50,50,http://microservice-test.weiwenjia.com/recommend/api/v1/recommend,50125,0,8
1636029669688,59779,HTTP请求,200,,线程组 1-19,text,true,,27875,239,50,50,http://microservice-test.weiwenjia.com/recommend/api/v1/recommend,59767,0,7
1636029681415,48559,HTTP请求,200,,线程组 1-28,text,true,,28698,239,50,50,http://microservice-test.weiwenjia.com/recommend/api/v1/recommend,48550,0,6
1636029687857,42139,HTTP请求,200,,线程组 1-31,text,true,,29790,239,50,50,http://microservice-test.weiwenjia.com/recommend/api/v1/recommend,42126,0,6
1636029680782,49224,HTTP请求,200,,线程组 1-18,text,true,,29801,239,50,50,http://microservice-test.weiwenjia.com/recommend/api/v1/recommend,49215,0,6
1636029684130,45961,HTTP请求,200,,线程组 1-43,text,true,,29306,239,50,50,http://microservice-test.weiwenjia.com/recommend/api/v1/recommend,45950,0,7
1636029693798,36314,HTTP请求,200,,线程组 1-47,text,true,,29294,239,50,50,http://microservice-test.weiwenjia.com/recommend/api/v1/recommend,36301,0,7
1636029677706,52420,HTTP请求,200,,线程组 1-42,text,true,,29795,239,50,50,http://microservice-test.weiwenjia.com/recommend/api/v1/recommend,52410,0,6
1636029682743,49511,HTTP请求,200,,线程组 1-49,text,true,,29055,239,50,50,http://microservice-test.weiwenjia.com/recommend/api/v1/recommend,49498,0,6
1636029692993,39534,HTTP请求,200,,线程组 1-33,text,true,,29388,239,50,50,http://microservice-test.weiwenjia.com/recommend/api/v1/recommend,39521,0,8
1636029694945,38904,HTTP请求,200,,线程组 1-38,text,true,,29661,239,50,50,http://microservice-test.weiwenjia.com/recommend/api/v1/recommend,38889,0,8
1636029680044,54431,HTTP请求,200,,线程组 1-6,text,true,,28900,239,50,50,http://microservice-test.weiwenjia.com/recommend/api/v1/recommend,54419,0,6
1636029683669,51225,HTTP请求,200,,线程组 1-17,text,true,,29490,239,50,50,http://microservice-test.weiwenjia.com/recommend/api/v1/recommend,51213,0,7
1636029691286,44139,HTTP请求,200,,线程组 1-41,text,true,,29084,239,50,50,http://microservice-test.weiwenjia.com/recommend/api/v1/recommend,44128,0,6
1636029685219,50609,HTTP请求,200,,线程组 1-16,text,true,,29802,239,50,50,http://microservice-test.weiwenjia.com/recommend/api/v1/recommend,50597,0,7
1636029692090,44217,HTTP请求,200,,线程组 1-1,text,true,,29813,239,50,50,http://microservice-test.weiwenjia.com/recommend/api/v1/recommend,44206,0,7
1636029683141,55823,HTTP请求,200,,线程组 1-4,text,true,,29789,239,50,50,http://microservice-test.weiwenjia.com/recommend/api/v1/recommend,55811,0,6
1636029681918,60515,HTTP请求,200,,线程组 1-14,text,true,,29734,239,50,50,http://microservice-test.weiwenjia.com/recommend/api/v1/recommend,60505,0,5
1636029680291,64121,HTTP请求,200,,线程组 1-13,text,true,,29645,239,50,50,http://microservice-test.weiwenjia.com/recommend/api/v1/recommend,64111,0,6
1636029682266,62418,HTTP请求,200,,线程组 1-22,text,true,,29011,239,50,50,http://microservice-test.weiwenjia.com/recommend/api/v1/recommend,62406,0,7
1636029702527,42790,HTTP请求,200,,线程组 1-36,text,true,,27875,239,50,50,http://microservice-test.weiwenjia.com/recommend/api/v1/recommend,42780,0,6
1636029695340,60073,HTTP请求,200,,线程组 1-27,text,true,,561,239,50,50,http://microservice-test.weiwenjia.com/recommend/api/v1/recommend,60073,0,6
1636029695395,60074,HTTP请求,200,,线程组 1-25,text,true,,561,239,50,50,http://microservice-test.weiwenjia.com/recommend/api/v1/recommend,60074,0,5
1636029695805,60066,HTTP请求,200,,线程组 1-20,text,true,,561,239,50,50,http://microservice-test.weiwenjia.com/recommend/api/v1/recommend,60066,0,6
1636029698978,60077,HTTP请求,200,,线程组 1-9,text,true,,561,239,50,50,http://microservice-test.weiwenjia.com/recommend/api/v1/recommend,60077,0,6
1636029710366,52556,HTTP请求,200,,线程组 1-24,text,true,,29348,239,50,50,http://microservice-test.weiwenjia.com/recommend/api/v1/recommend,52545,0,6
1636029721683,41766,HTTP请求,200,,线程组 1-45,text,true,,29130,239,50,50,http://microservice-test.weiwenjia.com/recommend/api/v1/recommend,41757,0,6
1636029725499,38238,HTTP请求,200,,线程组 1-15,text,true,,29013,239,50,50,http://microservice-test.weiwenjia.com/recommend/api/v1/recommend,38228,0,10
1636029721212,42887,HTTP请求,200,,线程组 1-30,text,true,,29800,239,50,50,http://microservice-test.weiwenjia.com/recommend/api/v1/recommend,42873,0,7
1636029717877,46838,HTTP请求,200,,线程组 1-3,text,true,,28898,239,50,50,http://microservice-test.weiwenjia.com/recommend/api/v1/recommend,46827,0,7
1636029716058,50986,HTTP请求,200,,线程组 1-10,text,true,,29446,239,50,50,http://microservice-test.weiwenjia.com/recommend/api/v1/recommend,50975,0,6
1636029722751,46967,HTTP请求,200,,线程组 1-23,text,true,,27540,239,50,50,http://microservice-test.weiwenjia.com/recommend/api/v1/recommend,46959,0,7
1636029726149,46183,HTTP请求,200,,线程组 1-7,text,true,,28432,239,50,50,http://microservice-test.weiwenjia.com/recommend/api/v1/recommend,46172,0,7
1636029723073,49768,HTTP请求,200,,线程组 1-34,text,true,,29369,239,50,50,http://microservice-test.weiwenjia.com/recommend/api/v1/recommend,49757,0,6
1636029723817,49553,HTTP请求,200,,线程组 1-8,text,true,,29164,239,50,50,http://microservice-test.weiwenjia.com/recommend/api/v1/recommend,49543,0,6
1636029713024,61241,HTTP请求,200,,线程组 1-37,text,true,,29661,239,50,50,http://microservice-test.weiwenjia.com/recommend/api/v1/recommend,61230,0,6
1636029725172,50529,HTTP请求,200,,线程组 1-48,text,true,,29355,239,50,50,http://microservice-test.weiwenjia.com/recommend/api/v1/recommend,50518,0,6
1636029719650,56520,HTTP请求,200,,线程组 1-5,text,true,,29950,239,50,50,http://microservice-test.weiwenjia.com/recommend/api/v1/recommend,56503,0,7
1636029727457,50173,HTTP请求,200,,线程组 1-2,text,true,,29490,239,50,50,http://microservice-test.weiwenjia.com/recommend/api/v1/recommend,50162,0,5
1636029706349,72413,HTTP请求,200,,线程组 1-35,text,true,,29638,239,50,50,http://microservice-test.weiwenjia.com/recommend/api/v1/recommend,72402,0,6
1636029724450,54702,HTTP请求,200,,线程组 1-29,text,true,,29168,239,50,50,http://microservice-test.weiwenjia.com/recommend/api/v1/recommend,54695,0,6
1636029719992,60175,HTTP请求,200,,线程组 1-11,text,true,,29207,239,50,50,http://microservice-test.weiwenjia.com/recommend/api/v1/recommend,60161,0,7
1636029726936,53422,HTTP请求,200,,线程组 1-50,text,true,,29361,239,50,50,http://microservice-test.weiwenjia.com/recommend/api/v1/recommend,53409,0,7
1636029710453,70691,HTTP请求,200,,线程组 1-46,text,true,,29303,239,50,50,http://microservice-test.weiwenjia.com/recommend/api/v1/recommend,70676,0,6
1636029726584,54992,HTTP请求,200,,线程组 1-40,text,true,,28314,239,50,50,http://microservice-test.weiwenjia.com/recommend/api/v1/recommend,54978,0,8
1636029727802,54385,HTTP请求,200,,线程组 1-39,text,true,,29720,239,50,50,http://microservice-test.weiwenjia.com/recommend/api/v1/recommend,54373,0,8
1636029709384,73096,HTTP请求,200,,线程组 1-44,text,true,,29936,239,50,50,http://microservice-test.weiwenjia.com/recommend/api/v1/recommend,73085,0,6
1636029725985,57877,HTTP请求,200,,线程组 1-21,text,true,,29647,239,50,50,http://microservice-test.weiwenjia.com/recommend/api/v1/recommend,57868,0,5
1636029729368,56345,HTTP请求,200,,线程组 1-26,text,true,,28572,239,50,50,http://microservice-test.weiwenjia.com/recommend/api/v1/recommend,56334,0,6
1636029734894,51354,HTTP请求,200,,线程组 1-17,text,true,,29658,239,50,50,http://microservice-test.weiwenjia.com/recommend/api/v1/recommend,51341,0,9
1636029742432,44348,HTTP请求,200,,线程组 1-14,text,true,,29015,239,50,50,http://microservice-test.weiwenjia.com/recommend/api/v1/recommend,44337,0,7
1636029745317,42430,HTTP请求,200,,线程组 1-36,text,true,,29940,239,50,50,http://microservice-test.weiwenjia.com/recommend/api/v1/recommend,42418,0,8
1636029729997,58403,HTTP请求,200,,线程组 1-31,text,true,,29449,239,50,50,http://microservice-test.weiwenjia.com/recommend/api/v1/recommend,58395,0,5
1636029733849,55206,HTTP请求,200,,线程组 1-38,text,true,,29463,239,50,50,http://microservice-test.weiwenjia.com/recommend/api/v1/recommend,55195,0,7
1636029735830,55504,HTTP请求,200,,线程组 1-16,text,true,,29348,239,50,50,http://microservice-test.weiwenjia.com/recommend/api/v1/recommend,55495,0,6
1636029735426,56964,HTTP请求,200,,线程组 1-41,text,true,,29446,239,50,50,http://microservice-test.weiwenjia.com/recommend/api/v1/recommend,56954,0,6
1636029734475,58617,HTTP请求,200,,线程组 1-6,text,true,,29363,239,50,50,http://microservice-test.weiwenjia.com/recommend/api/v1/recommend,58603,0,8
1636029732253,61244,HTTP请求,200,,线程组 1-49,text,true,,29510,239,50,50,http://microservice-test.weiwenjia.com/recommend/api/v1/recommend,61231,0,8
1636029728505,65373,HTTP请求,200,,线程组 1-12,text,true,,29200,239,50,50,http://microservice-test.weiwenjia.com/recommend/api/v1/recommend,65360,0,7
1636029744683,49558,HTTP请求,200,,线程组 1-22,text,true,,29934,239,50,50,http://microservice-test.weiwenjia.com/recommend/api/v1/recommend,49547,0,6
1636029729204,66765,HTTP请求,200,,线程组 1-32,text,true,,29310,239,50,50,http://microservice-test.weiwenjia.com/recommend/api/v1/recommend,66754,0,7
1636029744411,54788,HTTP请求,200,,线程组 1-13,text,true,,29936,239,50,50,http://microservice-test.weiwenjia.com/recommend/api/v1/recommend,54777,0,8
1636029736308,64502,HTTP请求,200,,线程组 1-1,text,true,,29746,239,50,50,http://microservice-test.weiwenjia.com/recommend/api/v1/recommend,64491,0,6
1636029730092,71279,HTTP请求,200,,线程组 1-43,text,true,,29050,239,50,50,http://microservice-test.weiwenjia.com/recommend/api/v1/recommend,71267,0,6
1636029732527,70122,HTTP请求,200,,线程组 1-33,text,true,,29349,239,50,50,http://microservice-test.weiwenjia.com/recommend/api/v1/recommend,70112,0,7
1636029729973,74540,HTTP请求,200,,线程组 1-28,text,true,,29097,239,50,50,http://microservice-test.weiwenjia.com/recommend/api/v1/recommend,74528,0,7
1636029729468,76236,HTTP请求,200,,线程组 1-19,text,true,,29569,239,50,50,http://microservice-test.weiwenjia.com/recommend/api/v1/recommend,76223,0,8
1636029738964,67752,HTTP请求,200,,线程组 1-4,text,true,,28328,239,50,50,http://microservice-test.weiwenjia.com/recommend/api/v1/recommend,67741,0,6
1636029730005,77553,HTTP请求,200,,线程组 1-18,text,true,,28833,239,50,50,http://microservice-test.weiwenjia.com/recommend/api/v1/recommend,77546,0,5
1636029730127,77990,HTTP请求,200,,线程组 1-42,text,true,,29804,239,50,50,http://microservice-test.weiwenjia.com/recommend/api/v1/recommend,77977,0,6
1636029730113,78204,HTTP请求,200,,线程组 1-47,text,true,,28416,239,50,50,http://microservice-test.weiwenjia.com/recommend/api/v1/recommend,78193,0,6
1636029769719,38902,HTTP请求,200,,线程组 1-23,text,true,,28856,239,50,50,http://microservice-test.weiwenjia.com/recommend/api/v1/recommend,38890,0,6
1636029779153,29994,HTTP请求,200,,线程组 1-29,text,true,,29582,239,50,50,http://microservice-test.weiwenjia.com/recommend/api/v1/recommend,29984,0,6
1636029775703,36132,HTTP请求,200,,线程组 1-48,text,true,,29641,239,50,50,http://microservice-test.weiwenjia.com/recommend/api/v1/recommend,36121,0,7
1636029755470,57347,HTTP请求,200,,线程组 1-25,text,true,,29758,239,50,50,http://microservice-test.weiwenjia.com/recommend/api/v1/recommend,57339,0,4
1636029782481,30843,HTTP请求,200,,线程组 1-44,text,true,,29618,239,50,50,http://microservice-test.weiwenjia.com/recommend/api/v1/recommend,30833,0,6
1636029767046,48400,HTTP请求,200,,线程组 1-10,text,true,,29933,239,50,50,http://microservice-test.weiwenjia.com/recommend/api/v1/recommend,48389,0,6
1636029764099,51961,HTTP请求,200,,线程组 1-30,text,true,,29084,239,50,50,http://microservice-test.weiwenjia.com/recommend/api/v1/recommend,51950,0,8
1636029774267,44259,HTTP请求,200,,线程组 1-37,text,true,,29656,239,50,50,http://microservice-test.weiwenjia.com/recommend/api/v1/recommend,44246,0,6
1636029763450,57628,HTTP请求,200,,线程组 1-45,text,true,,29794,239,50,50,http://microservice-test.weiwenjia.com/recommend/api/v1/recommend,57617,0,5
1636029755871,66410,HTTP请求,200,,线程组 1-20,text,true,,28264,239,50,50,http://microservice-test.weiwenjia.com/recommend/api/v1/recommend,66401,0,6
1636029755444,67335,HTTP请求,200,,线程组 1-27,text,true,,27883,239,50,50,http://microservice-test.weiwenjia.com/recommend/api/v1/recommend,67324,0,6
1636029781145,42142,HTTP请求,200,,线程组 1-46,text,true,,29734,239,50,50,http://microservice-test.weiwenjia.com/recommend/api/v1/recommend,42128,0,8
1636029781577,41929,HTTP请求,200,,线程组 1-40,text,true,,29746,239,50,50,http://microservice-test.weiwenjia.com/recommend/api/v1/recommend,41917,0,7
1636029773371,50521,HTTP请求,200,,线程组 1-8,text,true,,29662,239,50,50,http://microservice-test.weiwenjia.com/recommend/api/v1/recommend,50508,0,7
1636029764716,59529,HTTP请求,200,,线程组 1-3,text,true,,29641,239,50,50,http://microservice-test.weiwenjia.com/recommend/api/v1/recommend,59519,0,6
1636029777632,47223,HTTP请求,200,,线程组 1-2,text,true,,29653,239,50,50,http://microservice-test.weiwenjia.com/recommend/api/v1/recommend,47213,0,5
1636029763738,61405,HTTP请求,200,,线程组 1-15,text,true,,29076,239,50,50,http://microservice-test.weiwenjia.com/recommend/api/v1/recommend,61393,0,7
1636029772842,52866,HTTP请求,200,,线程组 1-34,text,true,,28706,239,50,50,http://microservice-test.weiwenjia.com/recommend/api/v1/recommend,52853,0,6
1636029778764,47910,HTTP请求,200,,线程组 1-35,text,true,,29660,239,50,50,http://microservice-test.weiwenjia.com/recommend/api/v1/recommend,47900,0,6
1636029780198,48699,HTTP请求,200,,线程组 1-11,text,true,,29357,239,50,50,http://microservice-test.weiwenjia.com/recommend/api/v1/recommend,48689,0,6
1636029776171,55285,HTTP请求,200,,线程组 1-5,text,true,,29802,239,50,50,http://microservice-test.weiwenjia.com/recommend/api/v1/recommend,55272,0,10
1636029762923,70451,HTTP请求,200,,线程组 1-24,text,true,,28900,239,50,50,http://microservice-test.weiwenjia.com/recommend/api/v1/recommend,70441,0,5
1636029780359,55727,HTTP请求,200,,线程组 1-50,text,true,,29483,239,50,50,http://microservice-test.weiwenjia.com/recommend/api/v1/recommend,55714,0,6
1636029782188,54429,HTTP请求,200,,线程组 1-39,text,true,,29368,239,50,50,http://microservice-test.weiwenjia.com/recommend/api/v1/recommend,54414,0,7
1636029772333,64532,HTTP请求,200,,线程组 1-7,text,true,,28915,239,50,50,http://microservice-test.weiwenjia.com/recommend/api/v1/recommend,64520,0,6
1636029759055,79132,HTTP请求,200,,线程组 1-9,text,true,,29611,239,50,50,http://microservice-test.weiwenjia.com/recommend/api/v1/recommend,79124,0,5
1636029806716,31775,HTTP请求,200,,线程组 1-4,text,true,,28748,239,50,50,http://microservice-test.weiwenjia.com/recommend/api/v1/recommend,31764,0,6
1636029793879,45770,HTTP请求,200,,线程组 1-12,text,true,,29746,239,50,50,http://microservice-test.weiwenjia.com/recommend/api/v1/recommend,45753,0,7
1636029793092,48416,HTTP请求,200,,线程组 1-6,text,true,,28870,239,50,50,http://microservice-test.weiwenjia.com/recommend/api/v1/recommend,48406,0,5
1636029786248,58892,HTTP请求,200,,线程组 1-17,text,true,,28864,239,50,50,http://microservice-test.weiwenjia.com/recommend/api/v1/recommend,58878,0,7
1636029786781,61386,HTTP请求,200,,线程组 1-14,text,true,,29355,239,50,50,http://microservice-test.weiwenjia.com/recommend/api/v1/recommend,61376,0,6
1636029783863,65371,HTTP请求,200,,线程组 1-21,text,true,,29057,239,50,50,http://microservice-test.weiwenjia.com/recommend/api/v1/recommend,65359,0,7
1636029792390,57963,HTTP请求,200,,线程组 1-41,text,true,,29625,239,50,50,http://microservice-test.weiwenjia.com/recommend/api/v1/recommend,57954,0,5
1636029801372,50417,HTTP请求,200,,线程组 1-43,text,true,,28432,239,50,50,http://microservice-test.weiwenjia.com/recommend/api/v1/recommend,50405,0,6
1636029807559,44807,HTTP请求,200,,线程组 1-18,text,true,,29171,239,50,50,http://microservice-test.weiwenjia.com/recommend/api/v1/recommend,44794,0,7
1636029799200,54206,HTTP请求,200,,线程组 1-13,text,true,,28932,239,50,50,http://microservice-test.weiwenjia.com/recommend/api/v1/recommend,54192,0,8
1636029789056,64694,HTTP请求,200,,线程组 1-38,text,true,,29159,239,50,50,http://microservice-test.weiwenjia.com/recommend/api/v1/recommend,64682,0,6
1636029805705,48390,HTTP请求,200,,线程组 1-19,text,true,,29222,239,50,50,http://microservice-test.weiwenjia.com/recommend/api/v1/recommend,48379,0,6
1636029802650,53215,HTTP请求,200,,线程组 1-33,text,true,,29018,239,50,50,http://microservice-test.weiwenjia.com/recommend/api/v1/recommend,53204,0,6
1636029785714,70709,HTTP请求,200,,线程组 1-26,text,true,,29451,239,50,50,http://microservice-test.weiwenjia.com/recommend/api/v1/recommend,70697,0,6
1636029787747,69031,HTTP请求,200,,线程组 1-36,text,true,,29789,239,50,50,http://microservice-test.weiwenjia.com/recommend/api/v1/recommend,69020,0,7
1636029804514,52848,HTTP请求,200,,线程组 1-28,text,true,,29494,239,50,50,http://microservice-test.weiwenjia.com/recommend/api/v1/recommend,52836,0,7
1636029791334,66418,HTTP请求,200,,线程组 1-16,text,true,,29456,239,50,50,http://microservice-test.weiwenjia.com/recommend/api/v1/recommend,66410,0,5
1636029793498,64919,HTTP请求,200,,线程组 1-49,text,true,,28759,239,50,50,http://microservice-test.weiwenjia.com/recommend/api/v1/recommend,64909,0,6
1636029788401,70775,HTTP请求,200,,线程组 1-31,text,true,,29287,239,50,50,http://microservice-test.weiwenjia.com/recommend/api/v1/recommend,70763,0,6
1636029800810,58725,HTTP请求,200,,线程组 1-1,text,true,,29802,239,50,50,http://microservice-test.weiwenjia.com/recommend/api/v1/recommend,58714,0,6
1636029794242,66988,HTTP请求,200,,线程组 1-22,text,true,,29501,239,50,50,http://microservice-test.weiwenjia.com/recommend/api/v1/recommend,66974,0,7
1636029795970,67448,HTTP请求,200,,线程组 1-32,text,true,,29777,239,50,50,http://microservice-test.weiwenjia.com/recommend/api/v1/recommend,67438,0,6
1636029808118,55708,HTTP请求,200,,线程组 1-42,text,true,,29202,239,50,50,http://microservice-test.weiwenjia.com/recommend/api/v1/recommend,55698,0,6
1636029822779,41575,HTTP请求,200,,线程组 1-27,text,true,,28755,239,50,50,http://microservice-test.weiwenjia.com/recommend/api/v1/recommend,41558,0,8
1636029824856,40025,HTTP请求,200,,线程组 1-2,text,true,,29463,239,50,50,http://microservice-test.weiwenjia.com/recommend/api/v1/recommend,40013,0,7
1636029831456,33849,HTTP请求,200,,线程组 1-5,text,true,,29172,239,50,50,http://microservice-test.weiwenjia.com/recommend/api/v1/recommend,33836,0,7
1636029825709,40232,HTTP请求,200,,线程组 1-34,text,true,,29475,239,50,50,http://microservice-test.weiwenjia.com/recommend/api/v1/recommend,40219,0,8
1636029823893,42505,HTTP请求,200,,线程组 1-8,text,true,,29290,239,50,50,http://microservice-test.weiwenjia.com/recommend/api/v1/recommend,42497,0,6
1636029813325,53528,HTTP请求,200,,线程组 1-44,text,true,,29949,239,50,50,http://microservice-test.weiwenjia.com/recommend/api/v1/recommend,53519,0,6
1636029824246,43077,HTTP请求,200,,线程组 1-3,text,true,,29283,239,50,50,http://microservice-test.weiwenjia.com/recommend/api/v1/recommend,43067,0,6
1636029825144,42696,HTTP请求,200,,线程组 1-15,text,true,,29595,239,50,50,http://microservice-test.weiwenjia.com/recommend/api/v1/recommend,42684,0,8
1636029836617,31676,HTTP请求,200,,线程组 1-39,text,true,,29640,239,50,50,http://microservice-test.weiwenjia.com/recommend/api/v1/recommend,31664,0,7
1636029823288,45249,HTTP请求,200,,线程组 1-46,text,true,,29221,239,50,50,http://microservice-test.weiwenjia.com/recommend/api/v1/recommend,45239,0,6
1636029823506,45544,HTTP请求,200,,线程组 1-40,text,true,,29634,239,50,50,http://microservice-test.weiwenjia.com/recommend/api/v1/recommend,45536,0,6
1636029818526,50862,HTTP请求,200,,线程组 1-37,text,true,,29738,239,50,50,http://microservice-test.weiwenjia.com/recommend/api/v1/recommend,50850,0,8
1636029826674,45373,HTTP请求,200,,线程组 1-35,text,true,,29449,239,50,50,http://microservice-test.weiwenjia.com/recommend/api/v1/recommend,45362,0,6
1636029808621,64892,HTTP请求,200,,线程组 1-23,text,true,,29569,239,50,50,http://microservice-test.weiwenjia.com/recommend/api/v1/recommend,64885,0,8
1636029838187,37882,HTTP请求,200,,线程组 1-9,text,true,,29608,239,50,50,http://microservice-test.weiwenjia.com/recommend/api/v1/recommend,37869,0,8
1636029822281,56237,HTTP请求,200,,线程组 1-20,text,true,,28913,239,50,50,http://microservice-test.weiwenjia.com/recommend/api/v1/recommend,56224,0,7
1636029816061,65098,HTTP请求,200,,线程组 1-30,text,true,,29361,239,50,50,http://microservice-test.weiwenjia.com/recommend/api/v1/recommend,65089,0,7
1636029812818,69011,HTTP请求,200,,线程组 1-25,text,true,,29012,239,50,50,http://microservice-test.weiwenjia.com/recommend/api/v1/recommend,69001,0,6
1636029836865,45408,HTTP请求,200,,线程组 1-7,text,true,,29491,239,50,50,http://microservice-test.weiwenjia.com/recommend/api/v1/recommend,45395,0,8
1636029808318,74235,HTTP请求,200,,线程组 1-47,text,true,,29298,239,50,50,http://microservice-test.weiwenjia.com/recommend/api/v1/recommend,74226,0,5
1636029809148,74024,HTTP请求,200,,线程组 1-29,text,true,,29935,239,50,50,http://microservice-test.weiwenjia.com/recommend/api/v1/recommend,74013,0,6
1636029821079,62485,HTTP请求,200,,线程组 1-45,text,true,,29458,239,50,50,http://microservice-test.weiwenjia.com/recommend/api/v1/recommend,62475,0,6
1636029828898,55255,HTTP请求,200,,线程组 1-11,text,true,,29454,239,50,50,http://microservice-test.weiwenjia.com/recommend/api/v1/recommend,55245,0,7
1636029836087,48562,HTTP请求,200,,线程组 1-50,text,true,,29641,239,50,50,http://microservice-test.weiwenjia.com/recommend/api/v1/recommend,48551,0,6
1636029833375,54094,HTTP请求,200,,线程组 1-24,text,true,,29604,239,50,50,http://microservice-test.weiwenjia.com/recommend/api/v1/recommend,54081,0,9
1636029815446,75052,HTTP请求,200,,线程组 1-10,text,true,,29149,239,50,50,http://microservice-test.weiwenjia.com/recommend/api/v1/recommend,75041,0,6
1636029811861,80708,HTTP请求,200,,线程组 1-48,text,true,,29616,239,50,50,http://microservice-test.weiwenjia.com/recommend/api/v1/recommend,80700,0,5
1636029839650,53293,HTTP请求,200,,线程组 1-12,text,true,,29444,239,50,50,http://microservice-test.weiwenjia.com/recommend/api/v1/recommend,53284,0,7
1636029861231,31735,HTTP请求,200,,线程组 1-22,text,true,,29361,239,50,50,http://microservice-test.weiwenjia.com/recommend/api/v1/recommend,31727,0,5
1636029838491,54856,HTTP请求,200,,线程组 1-4,text,true,,28751,239,50,50,http://microservice-test.weiwenjia.com/recommend/api/v1/recommend,54845,0,7
1636029858417,35016,HTTP请求,200,,线程组 1-49,text,true,,29281,239,50,50,http://microservice-test.weiwenjia.com/recommend/api/v1/recommend,35007,0,5
1636029853751,43790,HTTP请求,200,,线程组 1-38,text,true,,28706,239,50,50,http://microservice-test.weiwenjia.com/recommend/api/v1/recommend,43779,0,6
1636029850354,47652,HTTP请求,200,,线程组 1-41,text,true,,29802,239,50,50,http://microservice-test.weiwenjia.com/recommend/api/v1/recommend,47644,0,6
1636029852367,45905,HTTP请求,200,,线程组 1-18,text,true,,29188,239,50,50,http://microservice-test.weiwenjia.com/recommend/api/v1/recommend,45892,0,7
1636029854096,44626,HTTP请求,200,,线程组 1-19,text,true,,29493,239,50,50,http://microservice-test.weiwenjia.com/recommend/api/v1/recommend,44615,0,6
1636029857363,41856,HTTP请求,200,,线程组 1-28,text,true,,28772,239,50,50,http://microservice-test.weiwenjia.com/recommend/api/v1/recommend,41842,0,8
1636029857753,41857,HTTP请求,200,,线程组 1-16,text,true,,29802,239,50,50,http://microservice-test.weiwenjia.com/recommend/api/v1/recommend,41844,0,7
1636029849234,51064,HTTP请求,200,,线程组 1-21,text,true,,28571,239,50,50,http://microservice-test.weiwenjia.com/recommend/api/v1/recommend,51053,0,7
1636029855866,44931,HTTP请求,200,,线程组 1-33,text,true,,29652,239,50,50,http://microservice-test.weiwenjia.com/recommend/api/v1/recommend,44918,0,7
1636029845140,56043,HTTP请求,200,,线程组 1-17,text,true,,29331,239,50,50,http://microservice-test.weiwenjia.com/recommend/api/v1/recommend,56034,0,7
1636029848168,53590,HTTP请求,200,,线程组 1-14,text,true,,28712,239,50,50,http://microservice-test.weiwenjia.com/recommend/api/v1/recommend,53580,0,6
1636029851791,50674,HTTP请求,200,,线程组 1-43,text,true,,29613,239,50,50,http://microservice-test.weiwenjia.com/recommend/api/v1/recommend,50664,0,6
1636029841805,61966,HTTP请求,200,,线程组 1-6,text,true,,29357,239,50,50,http://microservice-test.weiwenjia.com/recommend/api/v1/recommend,61955,0,8
1636029853407,51203,HTTP请求,200,,线程组 1-13,text,true,,28904,239,50,50,http://microservice-test.weiwenjia.com/recommend/api/v1/recommend,51190,0,7
1636029856423,48970,HTTP请求,200,,线程组 1-26,text,true,,29361,239,50,50,http://microservice-test.weiwenjia.com/recommend/api/v1/recommend,48957,0,7
1636029856779,50306,HTTP请求,200,,线程组 1-36,text,true,,28481,239,50,50,http://microservice-test.weiwenjia.com/recommend/api/v1/recommend,50293,0,8
1636029859535,48018,HTTP请求,200,,线程组 1-1,text,true,,29453,239,50,50,http://microservice-test.weiwenjia.com/recommend/api/v1/recommend,48009,0,5
1636029859176,50630,HTTP请求,200,,线程组 1-31,text,true,,29299,239,50,50,http://microservice-test.weiwenjia.com/recommend/api/v1/recommend,50622,0,5
1636029863827,46444,HTTP请求,200,,线程组 1-42,text,true,,29349,239,50,50,http://microservice-test.weiwenjia.com/recommend/api/v1/recommend,46434,0,7
1636029863419,60071,HTTP请求,200,,线程组 1-32,text,true,,561,239,50,50,http://microservice-test.weiwenjia.com/recommend/api/v1/recommend,60071,0,6
1636029876070,49404,HTTP请求,200,,线程组 1-9,text,true,,29130,239,50,50,http://microservice-test.weiwenjia.com/recommend/api/v1/recommend,49391,0,6
1636029869390,58614,HTTP请求,200,,线程组 1-37,text,true,,28432,239,50,50,http://microservice-test.weiwenjia.com/recommend/api/v1/recommend,58604,0,5
1636029865305,62970,HTTP请求,200,,线程组 1-5,text,true,,28898,239,50,50,http://microservice-test.weiwenjia.com/recommend/api/v1/recommend,62960,0,6
1636029867840,62227,HTTP请求,200,,线程组 1-15,text,true,,29731,239,50,50,http://microservice-test.weiwenjia.com/recommend/api/v1/recommend,62215,0,6
1636029866398,66352,HTTP请求,200,,线程组 1-8,text,true,,29499,239,50,50,http://microservice-test.weiwenjia.com/recommend/api/v1/recommend,66340,0,6
1636029867323,67408,HTTP请求,200,,线程组 1-3,text,true,,29505,239,50,50,http://microservice-test.weiwenjia.com/recommend/api/v1/recommend,67396,0,6
1636029868293,66732,HTTP请求,200,,线程组 1-39,text,true,,29361,239,50,50,http://microservice-test.weiwenjia.com/recommend/api/v1/recommend,66720,0,6
1636029865941,69512,HTTP请求,200,,线程组 1-34,text,true,,28604,239,50,50,http://microservice-test.weiwenjia.com/recommend/api/v1/recommend,69501,0,6
1636029883565,52564,HTTP请求,200,,线程组 1-45,text,true,,29350,239,50,50,http://microservice-test.weiwenjia.com/recommend/api/v1/recommend,52553,0,6
1636029878519,58060,HTTP请求,200,,线程组 1-20,text,true,,29341,239,50,50,http://microservice-test.weiwenjia.com/recommend/api/v1/recommend,58049,0,8
1636029884650,52646,HTTP请求,200,,线程组 1-50,text,true,,29373,239,50,50,http://microservice-test.weiwenjia.com/recommend/api/v1/recommend,52634,0,7
1636029864880,74245,HTTP请求,200,,线程组 1-2,text,true,,29504,239,50,50,http://microservice-test.weiwenjia.com/recommend/api/v1/recommend,74232,0,7
1636029882554,58913,HTTP请求,200,,线程组 1-47,text,true,,29150,239,50,50,http://microservice-test.weiwenjia.com/recommend/api/v1/recommend,58901,0,8
1636029887469,55220,HTTP请求,200,,线程组 1-24,text,true,,29803,239,50,50,http://microservice-test.weiwenjia.com/recommend/api/v1/recommend,55208,0,6
1636029864354,78529,HTTP请求,200,,线程组 1-27,text,true,,29449,239,50,50,http://microservice-test.weiwenjia.com/recommend/api/v1/recommend,78519,0,6
1636029872077,71973,HTTP请求,200,,线程组 1-35,text,true,,29161,239,50,50,http://microservice-test.weiwenjia.com/recommend/api/v1/recommend,71963,0,5
1636029869051,75807,HTTP请求,200,,线程组 1-40,text,true,,29789,239,50,50,http://microservice-test.weiwenjia.com/recommend/api/v1/recommend,75799,0,5
1636029866854,78728,HTTP请求,200,,线程组 1-44,text,true,,28763,239,50,50,http://microservice-test.weiwenjia.com/recommend/api/v1/recommend,78715,0,6
1636029883173,65489,HTTP请求,200,,线程组 1-29,text,true,,29357,239,50,50,http://microservice-test.weiwenjia.com/recommend/api/v1/recommend,65477,0,6
1636029873515,76835,HTTP请求,200,,线程组 1-23,text,true,,29313,239,50,50,http://microservice-test.weiwenjia.com/recommend/api/v1/recommend,76825,0,5
1636029881830,69792,HTTP请求,200,,线程组 1-25,text,true,,29741,239,50,50,http://microservice-test.weiwenjia.com/recommend/api/v1/recommend,69780,0,6
1636029868538,85807,HTTP请求,200,,线程组 1-46,text,true,,28706,239,50,50,http://microservice-test.weiwenjia.com/recommend/api/v1/recommend,85795,0,6
1636029890499,66762,HTTP请求,200,,线程组 1-10,text,true,,29354,239,50,50,http://microservice-test.weiwenjia.com/recommend/api/v1/recommend,66748,0,8
1636029884153,73396,HTTP请求,200,,线程组 1-11,text,true,,29342,239,50,50,http://microservice-test.weiwenjia.com/recommend/api/v1/recommend,73381,0,7
1636029882274,75577,HTTP请求,200,,线程组 1-7,text,true,,29294,239,50,50,http://microservice-test.weiwenjia.com/recommend/api/v1/recommend,75566,0,6
1636029881160,78050,HTTP请求,200,,线程组 1-30,text,true,,29792,239,50,50,http://microservice-test.weiwenjia.com/recommend/api/v1/recommend,78039,0,7
1636029892967,68146,HTTP请求,200,,线程组 1-22,text,true,,29039,239,50,50,http://microservice-test.weiwenjia.com/recommend/api/v1/recommend,68135,0,6
1636029900798,62887,HTTP请求,200,,线程组 1-33,text,true,,28439,239,50,50,http://microservice-test.weiwenjia.com/recommend/api/v1/recommend,62874,0,6
1636029909807,56285,HTTP请求,200,,线程组 1-31,text,true,,29569,239,50,50,http://microservice-test.weiwenjia.com/recommend/api/v1/recommend,56277,0,5
1636029904610,64457,HTTP请求,200,,线程组 1-13,text,true,,28453,239,50,50,http://microservice-test.weiwenjia.com/recommend/api/v1/recommend,64446,0,7
1636029892570,76895,HTTP请求,200,,线程组 1-48,text,true,,29075,239,50,50,http://microservice-test.weiwenjia.com/recommend/api/v1/recommend,76882,0,8
1636029897541,72694,HTTP请求,200,,线程组 1-38,text,true,,28604,239,50,50,http://microservice-test.weiwenjia.com/recommend/api/v1/recommend,72683,0,6
1636029902465,68357,HTTP请求,200,,线程组 1-43,text,true,,29660,239,50,50,http://microservice-test.weiwenjia.com/recommend/api/v1/recommend,68346,0,6
1636029893348,77947,HTTP请求,200,,线程组 1-4,text,true,,29505,239,50,50,http://microservice-test.weiwenjia.com/recommend/api/v1/recommend,77935,0,7
1636029898722,73062,HTTP请求,200,,线程组 1-19,text,true,,29598,239,50,50,http://microservice-test.weiwenjia.com/recommend/api/v1/recommend,73051,0,6
1636029900327,71772,HTTP请求,200,,线程组 1-21,text,true,,29047,239,50,50,http://microservice-test.weiwenjia.com/recommend/api/v1/recommend,71760,0,7
1636029898272,74336,HTTP请求,200,,线程组 1-18,text,true,,29298,239,50,50,http://microservice-test.weiwenjia.com/recommend/api/v1/recommend,74327,0,5
1636029901759,73421,HTTP请求,200,,线程组 1-14,text,true,,29205,239,50,50,http://microservice-test.weiwenjia.com/recommend/api/v1/recommend,73408,0,7
1636029901184,77746,HTTP请求,200,,线程组 1-17,text,true,,28755,239,50,50,http://microservice-test.weiwenjia.com/recommend/api/v1/recommend,77734,0,7
1636029899220,82017,HTTP请求,200,,线程组 1-28,text,true,,28481,239,50,50,http://microservice-test.weiwenjia.com/recommend/api/v1/recommend,82005,0,7
1636029907085,76603,HTTP请求,200,,线程组 1-36,text,true,,29364,239,50,50,http://microservice-test.weiwenjia.com/recommend/api/v1/recommend,76592,0,7
1636029905394,80751,HTTP请求,200,,线程组 1-26,text,true,,28913,239,50,50,http://microservice-test.weiwenjia.com/recommend/api/v1/recommend,80740,0,6
1636029892943,93842,HTTP请求,200,,线程组 1-12,text,true,,29641,239,50,50,http://microservice-test.weiwenjia.com/recommend/api/v1/recommend,93831,0,6
1636029903771,83151,HTTP请求,200,,线程组 1-6,text,true,,29356,239,50,50,http://microservice-test.weiwenjia.com/recommend/api/v1/recommend,83144,0,5
1636029899611,87842,HTTP请求,200,,线程组 1-16,text,true,,28568,239,50,50,http://microservice-test.weiwenjia.com/recommend/api/v1/recommend,87829,0,8
1636029910272,77545,HTTP请求,200,,线程组 1-42,text,true,,29076,239,50,50,http://microservice-test.weiwenjia.com/recommend/api/v1/recommend,77537,0,5
1636029928003,60076,HTTP请求,200,,线程组 1-37,text,true,,561,239,50,50,http://microservice-test.weiwenjia.com/recommend/api/v1/recommend,60076,0,7
1636029907554,80674,HTTP请求,200,,线程组 1-1,text,true,,29305,239,50,50,http://microservice-test.weiwenjia.com/recommend/api/v1/recommend,80664,0,6
1636029928275,60074,HTTP请求,200,,线程组 1-5,text,true,,561,239,50,50,http://microservice-test.weiwenjia.com/recommend/api/v1/recommend,60074,0,6
1636029898006,92782,HTTP请求,200,,线程组 1-41,text,true,,29641,239,50,50,http://microservice-test.weiwenjia.com/recommend/api/v1/recommend,92770,0,7
1636029923491,68418,HTTP请求,200,,线程组 1-32,text,true,,28314,239,50,50,http://microservice-test.weiwenjia.com/recommend/api/v1/recommend,68406,0,6
1636029893434,100705,HTTP请求,200,,线程组 1-49,text,true,,29458,239,50,50,http://microservice-test.weiwenjia.com/recommend/api/v1/recommend,100694,0,87
1636029925474,69083,HTTP请求,200,,线程组 1-9,text,true,,29206,239,50,50,http://microservice-test.weiwenjia.com/recommend/api/v1/recommend,69070,0,8
1636029934732,60699,HTTP请求,200,,线程组 1-3,text,true,,29458,239,50,50,http://microservice-test.weiwenjia.com/recommend/api/v1/recommend,60688,0,8
1636029957549,38409,HTTP请求,200,,线程组 1-11,text,true,,29171,239,50,50,http://microservice-test.weiwenjia.com/recommend/api/v1/recommend,38397,0,7
1636029942884,53725,HTTP请求,200,,线程组 1-27,text,true,,29608,239,50,50,http://microservice-test.weiwenjia.com/recommend/api/v1/recommend,53711,0,7
1636029941467,56750,HTTP请求,200,,线程组 1-47,text,true,,29013,239,50,50,http://microservice-test.weiwenjia.com/recommend/api/v1/recommend,56739,0,7
1636029939126,60807,HTTP请求,200,,线程组 1-2,text,true,,29955,239,50,50,http://microservice-test.weiwenjia.com/recommend/api/v1/recommend,60796,0,6
1636029948664,51798,HTTP请求,200,,线程组 1-29,text,true,,29599,239,50,50,http://microservice-test.weiwenjia.com/recommend/api/v1/recommend,51785,0,6
1636029957852,43649,HTTP请求,200,,线程组 1-7,text,true,,29061,239,50,50,http://microservice-test.weiwenjia.com/recommend/api/v1/recommend,43640,0,6
1636029954345,47514,HTTP请求,200,,线程组 1-46,text,true,,29778,239,50,50,http://microservice-test.weiwenjia.com/recommend/api/v1/recommend,47501,0,8
1636029930098,72210,HTTP请求,200,,线程组 1-15,text,true,,29604,239,50,50,http://microservice-test.weiwenjia.com/recommend/api/v1/recommend,72196,0,8
1636029936580,66853,HTTP请求,200,,线程组 1-20,text,true,,29097,239,50,50,http://microservice-test.weiwenjia.com/recommend/api/v1/recommend,66847,0,6
1636029937297,68561,HTTP请求,200,,线程组 1-50,text,true,,29206,239,50,50,http://microservice-test.weiwenjia.com/recommend/api/v1/recommend,68553,0,6
1636029944859,63748,HTTP请求,200,,线程组 1-40,text,true,,28469,239,50,50,http://microservice-test.weiwenjia.com/recommend/api/v1/recommend,63738,0,6
1636029942689,68706,HTTP请求,200,,线程组 1-24,text,true,,29353,239,50,50,http://microservice-test.weiwenjia.com/recommend/api/v1/recommend,68691,0,8
1636029945583,66703,HTTP请求,200,,线程组 1-44,text,true,,29348,239,50,50,http://microservice-test.weiwenjia.com/recommend/api/v1/recommend,66689,0,7
1636029951622,61222,HTTP请求,200,,线程组 1-25,text,true,,26835,239,50,50,http://microservice-test.weiwenjia.com/recommend/api/v1/recommend,61211,0,6
1636029935454,78481,HTTP请求,200,,线程组 1-34,text,true,,29450,239,50,50,http://microservice-test.weiwenjia.com/recommend/api/v1/recommend,78465,0,7
1636029932750,81926,HTTP请求,200,,线程组 1-8,text,true,,28759,239,49,49,http://microservice-test.weiwenjia.com/recommend/api/v1/recommend,81911,0,8
1636029935026,80909,HTTP请求,200,,线程组 1-39,text,true,,27875,239,48,48,http://microservice-test.weiwenjia.com/recommend/api/v1/recommend,80897,0,7
1636029936130,80246,HTTP请求,200,,线程组 1-45,text,true,,29788,239,47,47,http://microservice-test.weiwenjia.com/recommend/api/v1/recommend,80235,0,6
1636029944049,72753,HTTP请求,200,,线程组 1-35,text,true,,29468,239,46,46,http://microservice-test.weiwenjia.com/recommend/api/v1/recommend,72741,0,6
1636029950349,66902,HTTP请求,200,,线程组 1-23,text,true,,29471,239,45,45,http://microservice-test.weiwenjia.com/recommend/api/v1/recommend,66891,0,6
1636029959211,60105,HTTP请求,200,,线程组 1-30,text,true,,561,239,44,44,http://microservice-test.weiwenjia.com/recommend/api/v1/recommend,60105,0,6
1636029957261,62927,HTTP请求,200,,线程组 1-10,text,true,,28735,239,43,43,http://microservice-test.weiwenjia.com/recommend/api/v1/recommend,62913,0,8
1636029961120,60097,HTTP请求,200,,线程组 1-22,text,true,,561,239,42,42,http://microservice-test.weiwenjia.com/recommend/api/v1/recommend,60097,0,7
1636029963687,60073,HTTP请求,200,,线程组 1-33,text,true,,561,239,41,41,http://microservice-test.weiwenjia.com/recommend/api/v1/recommend,60073,0,6
1636029970823,53500,HTTP请求,200,,线程组 1-43,text,true,,29098,239,40,40,http://microservice-test.weiwenjia.com/recommend/api/v1/recommend,53486,0,8
1636029975181,55161,HTTP请求,200,,线程组 1-14,text,true,,29068,239,39,39,http://microservice-test.weiwenjia.com/recommend/api/v1/recommend,55147,0,7
1636029988080,43461,HTTP请求,200,,线程组 1-37,text,true,,29601,239,38,38,http://microservice-test.weiwenjia.com/recommend/api/v1/recommend,43450,0,6
1636029987818,44014,HTTP请求,200,,线程组 1-42,text,true,,29337,239,37,37,http://microservice-test.weiwenjia.com/recommend/api/v1/recommend,44002,0,6
1636029990819,41578,HTTP请求,200,,线程组 1-41,text,true,,29463,239,36,36,http://microservice-test.weiwenjia.com/recommend/api/v1/recommend,41566,0,6
1636029971296,61658,HTTP请求,200,,线程组 1-4,text,true,,29641,239,35,35,http://microservice-test.weiwenjia.com/recommend/api/v1/recommend,61646,0,6
1636029987454,45899,HTTP请求,200,,线程组 1-16,text,true,,29173,239,34,34,http://microservice-test.weiwenjia.com/recommend/api/v1/recommend,45886,0,6
1636029986923,46801,HTTP请求,200,,线程组 1-6,text,true,,28766,239,33,33,http://microservice-test.weiwenjia.com/recommend/api/v1/recommend,46791,0,6
1636029972609,62993,HTTP请求,200,,线程组 1-18,text,true,,29640,239,32,32,http://microservice-test.weiwenjia.com/recommend/api/v1/recommend,62979,0,7
1636029981239,55526,HTTP请求,200,,线程组 1-28,text,true,,29655,239,31,31,http://microservice-test.weiwenjia.com/recommend/api/v1/recommend,55513,0,7
1636029969466,67566,HTTP请求,200,,线程组 1-48,text,true,,28317,239,30,30,http://microservice-test.weiwenjia.com/recommend/api/v1/recommend,67556,0,5
1636029970236,68068,HTTP请求,200,,线程组 1-38,text,true,,29208,239,29,29,http://microservice-test.weiwenjia.com/recommend/api/v1/recommend,68057,0,6
1636029971785,67237,HTTP请求,200,,线程组 1-19,text,true,,29015,239,28,28,http://microservice-test.weiwenjia.com/recommend/api/v1/recommend,67223,0,6
1636029986787,54797,HTTP请求,200,,线程组 1-12,text,true,,29041,239,27,27,http://microservice-test.weiwenjia.com/recommend/api/v1/recommend,54787,0,7
1636029991911,49771,HTTP请求,200,,线程组 1-32,text,true,,29329,239,26,26,http://microservice-test.weiwenjia.com/recommend/api/v1/recommend,49761,0,6
1636029986146,55969,HTTP请求,200,,线程组 1-26,text,true,,29316,239,25,25,http://microservice-test.weiwenjia.com/recommend/api/v1/recommend,55959,0,6
1636029988350,74624,HTTP请求,200,,线程组 1-5,text,true,,28994,239,24,24,http://microservice-test.weiwenjia.com/recommend/api/v1/recommend,74613,0,6
1636029966093,97070,HTTP请求,200,,线程组 1-31,text,true,,29491,239,23,23,http://microservice-test.weiwenjia.com/recommend/api/v1/recommend,97059,0,6
1636029972100,91517,HTTP请求,200,,线程组 1-21,text,true,,29647,239,22,22,http://microservice-test.weiwenjia.com/recommend/api/v1/recommend,91503,0,7
1636029983689,80337,HTTP请求,200,,线程组 1-36,text,true,,28332,239,21,21,http://microservice-test.weiwenjia.com/recommend/api/v1/recommend,80327,0,5
1636029988229,76040,HTTP请求,200,,线程组 1-1,text,true,,29625,239,20,20,http://microservice-test.weiwenjia.com/recommend/api/v1/recommend,76029,0,7
1636029969068,95568,HTTP请求,200,,线程组 1-13,text,true,,29797,239,19,19,http://microservice-test.weiwenjia.com/recommend/api/v1/recommend,95555,0,7
1636029978931,86116,HTTP请求,200,,线程组 1-17,text,true,,29885,239,18,18,http://microservice-test.weiwenjia.com/recommend/api/v1/recommend,86103,0,7
1636029994141,71077,HTTP请求,200,,线程组 1-49,text,true,,29651,239,17,17,http://microservice-test.weiwenjia.com/recommend/api/v1/recommend,71065,0,6
1636029996610,68948,HTTP请求,200,,线程组 1-27,text,true,,28572,239,16,16,http://microservice-test.weiwenjia.com/recommend/api/v1/recommend,68935,0,7
1636029995431,72280,HTTP请求,200,,线程组 1-3,text,true,,29082,239,15,15,http://microservice-test.weiwenjia.com/recommend/api/v1/recommend,72267,0,7
1636030005858,62269,HTTP请求,200,,线程组 1-50,text,true,,29032,239,14,14,http://microservice-test.weiwenjia.com/recommend/api/v1/recommend,62259,0,6
1636030000462,68198,HTTP请求,200,,线程组 1-29,text,true,,29164,239,13,13,http://microservice-test.weiwenjia.com/recommend/api/v1/recommend,68190,0,5
1636029998218,70948,HTTP请求,200,,线程组 1-47,text,true,,27555,239,12,12,http://microservice-test.weiwenjia.com/recommend/api/v1/recommend,70941,0,5
1636030002309,67334,HTTP请求,200,,线程组 1-15,text,true,,29463,239,11,11,http://microservice-test.weiwenjia.com/recommend/api/v1/recommend,67323,0,6
1636029995958,74796,HTTP请求,200,,线程组 1-11,text,true,,29443,239,10,10,http://microservice-test.weiwenjia.com/recommend/api/v1/recommend,74783,0,8
1636029999933,71207,HTTP请求,200,,线程组 1-2,text,true,,28720,239,9,9,http://microservice-test.weiwenjia.com/recommend/api/v1/recommend,71198,0,6
1636030001502,71202,HTTP请求,200,,线程组 1-7,text,true,,29212,239,8,8,http://microservice-test.weiwenjia.com/recommend/api/v1/recommend,71194,0,5
1636030008607,64609,HTTP请求,200,,线程组 1-40,text,true,,29388,239,7,7,http://microservice-test.weiwenjia.com/recommend/api/v1/recommend,64602,0,5
1636029994558,80582,HTTP请求,200,,线程组 1-9,text,true,,29491,239,6,6,http://microservice-test.weiwenjia.com/recommend/api/v1/recommend,80569,0,7
1636030001859,74137,HTTP请求,200,,线程组 1-46,text,true,,28463,239,5,5,http://microservice-test.weiwenjia.com/recommend/api/v1/recommend,74125,0,7
1636030012286,64085,HTTP请求,200,,线程组 1-44,text,true,,29150,239,4,4,http://microservice-test.weiwenjia.com/recommend/api/v1/recommend,64077,0,5
1636030012844,64155,HTTP请求,200,,线程组 1-25,text,true,,28997,239,3,3,http://microservice-test.weiwenjia.com/recommend/api/v1/recommend,64147,0,5
1636030011396,68047,HTTP请求,200,,线程组 1-24,text,true,,28857,239,2,2,http://microservice-test.weiwenjia.com/recommend/api/v1/recommend,68039,0,5
1636030003433,77307,HTTP请求,200,,线程组 1-20,text,true,,29611,239,1,1,http://microservice-test.weiwenjia.com/recommend/api/v1/recommend,77296,0,7
